features,Attribute
root,1
USER_NETPERF_NETPERF,1
USER_NET_TOOLS_RARP,1
USER_MICROWIN_CLEOVGA,1
USER_NETFLASH_NETFLASH,1
USER_NETFLASH_DECOMPRESS,1
USER_NETFLASH_AUTODECOMPRESS,1
USER_NETFLASH_WITH_FILE,1
USER_NETFLASH_WITH_CGI,1
USER_NETFLASH_WITH_FTP,1
USER_NETFLASH_HMACMD5,1
USER_NETFLASH_HMACMD5_KEY,1
USER_NETFLASH_SHA256,1
USER_NETFLASH_VERSION,1
USER_NETFLASH_VERSION_ALLOW_CURRENT,1
USER_NETFLASH_VERSION_ALLOW_OLDER,1
USER_NETFLASH_CRYPTO_V2,1
USER_RECOVER_BIOS,1
USER_NETFLASH_CRYPTO,1
USER_NESSUS,1
USER_PPTPD_PPTPD,1
USER_MICROWIN_ERASEMOVE,1
USER_MICROWIN_HAVE_XPM_SUPPORT,1
USER_SASH_SHUTDOWN,1
USER_FILEUTILS_CMP,1
USER_MICROWIN_BIN_MTERM,1
USER_MICROWIN_MICROWIN,1
USER_SQUID_SQUID,1
USER_MYSQL,1
USER_MYSQL_CLIB,1
MCF_QSPI,1
USER_QSPITEST_RX,1
USER_QSPITEST_TEST,1
USER_SSLWRAP_SSLWRAP,1
USER_FTP_FTP_FTP,1
USER_GAMES_ADVENT4,1
USER_TRUSTEDSOURCE,1
USER_USBHUBCTRL_USBHUBCTRL,1
USER_SHUTILS_UNAME,1
USER_DOSFSTOOLS_DOSFSLABEL,1
USER_LOGROTATE_LOGROTATE,1
USER_GETTYD_GETTYD,1
USER_TINYLOGIN_TRIVIAL_HELP,1
USER_SENDIP_SENDIP,1
USER_CLAMAV_CLAMSMTP,1
USER_PPTP_CLIENT_PPTP_CALLMGR,1
USER_VERSION_VERSION,1
USER_CRYPTO_TOOLS_CMACTEST,1
USER_HASERL_HASERL,1
USER_MICROWIN_UCTSMOUSE,1
USER_FILEUTILS_CHOWN,1
USER_MICROWIN_BIN_NXEV,1
USER_KISMET,1
USER_CRAMFS_CRAMFSCK,1
USER_CRAMFS_TEST,1
USER_PPPD_PPPD_PPPD,1
USER_PPPD_WITH_PPPOA,1
USER_PPPD_WITH_PPPOE,1
USER_PPPD_WITH_PAM,1
USER_PPPD_WITH_RADIUS,1
USER_PPPD_WITH_IPV6,1
USER_PPPD_WITH_DYNAMIC_PLUGINS,1
USER_PPPD_WITH_MPPE,1
USER_PPPD_WITH_TACACS,1
USER_RAMIMAGE_RAMFS64_alt,1
USER_RAMIMAGE_NONE,1
USER_RAMIMAGE_RAMFS64,1
USER_RAMIMAGE_RAMFS128,1
USER_RAMIMAGE_RAMFS256,1
USER_RAMIMAGE_RAMFS512,1
USER_RAMIMAGE_RAMFS1024,1
USER_RAMIMAGE_RAMFS2048,1
USER_RAMIMAGE_RAMFS8192,1
USER_MICROWIN_HAVE_JPEG_SUPPORT,1
USER_TINYLOGIN_SHADOWPASSWDS,1
USER_IPREDIR_IPREDIR,1
USER_PROCPS_KILL,1
USER_FILEUTILS_RM,1
USER_CAL_CAL,1
USER_DROPBEAR_DROPBEAR,1
USER_RECOVER_RECOVER,1
USER_RECOVER_ETHERNET_INTERFACE,1
USER_FLASHW_FLASHW,1
USER_UDEV,1
USER_CAMSERV,1
USER_RADAUTH_RADAUTH,1
USER_MICROWIN_CLEOKBD,1
USER_BOOTTOOLS_SETBENV,1
USER_TINYLOGIN_TINYLOGIN,1
USER_MICROWIN_MWPF_TRUECOLOR888_alt,1
USER_MICROWIN_MWPF_PALETTE,1
USER_MICROWIN_MWPF_TRUECOLOR0888,1
USER_MICROWIN_MWPF_TRUECOLOR888,1
USER_MICROWIN_MWPF_TRUECOLOR565,1
USER_MICROWIN_MWPF_TRUECOLOR555,1
USER_MICROWIN_MWPF_TRUECOLOR332,1
USER_FILEUTILS_L,1
USER_NET_TOOLS_IFCONFIG,1
USER_RADVD_RADVD,1
USER_GAMES_DUNGEON,1
LIB_LIBKRB5,1
USER_CGIHTML,1
USER_P7ZIP_7ZA,1
USER_PLAY_TONE,1
USER_MICROWIN_BIN_SLIDER,1
USER_BRCFG_BRCFG,1
USER_TCPWRAP_TCPD,1
USER_TCPWRAP_FINGER,1
USER_TCPWRAP_TCPDCHK,1
USER_TCPWRAP_TCPDMATCH,1
USER_TCPWRAP_MISCD,1
USER_TCPWRAP_TRYFROM,1
USER_LCD_LCD,1
USER_IPROUTE2,1
USER_IPROUTE2_IP_IP,1
USER_IPROUTE2_TC_TC,1
USER_IPROUTE2_IP_IFCFG,1
USER_IPROUTE2_IP_ROUTEF,1
USER_IPROUTE2_IP_RTMON,1
USER_IPROUTE2_IP_ROUTEL,1
USER_IPROUTE2_IP_GENL,1
USER_IPROUTE2_IP_RTACCT,1
USER_REISERFSPROGS_REISERFSCK,1
USER_ULOGD2_ULOGD,1
USER_SASH_REBOOT,1
USER_SASH_REBOOT_SNAPGEAR,1
USER_LPR,1
USER_SSH_SSH_KEYSIGN,1
LIB_LIBLDAP,1
USER_TRIPWIRE_SIGGEN,1
USER_RDATE_RDATE,1
USER_PROCPS_PS,1
USER_SSH_SFTP,1
USER_PLAY_PLAY,1
USER_MICROWIN_NOKBD,1
USER_HTTPD_HTTPD,1
USER_MICROWIN_BIN_NXLSCLIENTS,1
USER_MICROWIN_HAVE_HZK_SUPPORT,1
USER_AT_ATRUN,1
USER_UNZOO_UNZOO,1
USER_PROCPS_PGREP,1
USER_OPENSSL_APPS,1
USER_MICROWIN_VGALIB,1
USER_MICROWIN_CLEOMOUSE,1
USER_TRACEROUTE_TRACEROUTE,1
USER_MICROWIN_BIN_VNC,1
USER_LOGIN_LOGIN,1
LIB_LIBNL,1
LIB_LIBNL_COMPONENTS,1
LIB_LIBNL_NETFILTER,1
LIB_LIBNL_NETFILTER_QUEUE,1
LIB_LIBNL_NETFILTER_LOG,1
LIB_LIBNL_NETFILTER_CT,1
LIB_LIBNL_FIB,1
LIB_LIBNL_GENERIC,1
LIB_LIBNL_RTNL,1
LIB_LIBNL_ROUTE_NEIGH,1
LIB_LIBNL_ROUTE_LINK,1
LIB_LIBNL_ROUTE_RULE,1
LIB_LIBNL_ROUTE_ADDR,1
LIB_LIBNL_ROUTE_ROUTE,1
LIB_LIBNL_ROUTE_TC,1
USER_ETHATTACH_ETHATTACH,1
USER_MICROWIN_HAVE_FILEIO,1
USER_DHCP_ISC_RELAY_DHCRELAY,1
USER_PROCPS_W,1
USER_E2FSPROGS_MISC_DUMPE2FS,1
LIB_LIBATM,1
USER_SHADOW_UTILS,1
USER_SHADOW_NEWUSERS,1
USER_SHADOW_GROUPDEL,1
USER_SHADOW_LOGOUTD,1
USER_SHADOW_PWUNCONV,1
USER_SHADOW_GROUPMOD,1
USER_SHADOW_CHFN,1
USER_SHADOW_USERDEL,1
USER_SHADOW_PAM,1
USER_SHADOW_ID,1
USER_SHADOW_PASSWD,1
USER_SHADOW_GRPCONV,1
USER_SHADOW_SHAREDLIB,1
USER_SHADOW_LOGIN,1
USER_SHADOW_USERMOD,1
USER_SHADOW_CHSH,1
USER_SHADOW_CHAGE,1
USER_SHADOW_GROUPS,1
USER_SHADOW_EXPIRY,1
USER_SHADOW_CHPASSWD,1
USER_SHADOW_NEWGRP,1
USER_SHADOW_PWCK,1
USER_SHADOW_GRPCK,1
USER_SHADOW_VIPW,1
USER_SHADOW_FAILLOG,1
USER_SHADOW_USERADD,1
USER_SHADOW_SU,1
USER_SHADOW_GROUPADD,1
USER_SHADOW_GPASSWD,1
USER_SHADOW_NOLOGIN,1
USER_SHADOW_SULOGIN,1
USER_SHADOW_PWCONV,1
USER_SHADOW_LASTLOG,1
USER_SHADOW_GRPUNCONV,1
USER_MICROWIN_BIN_MTEST,1
USER_MICROWIN_DE2TSMOUSE,1
LIB_LIBCRYPT_OLD,1
USER_LIRC,1
USER_LIRC_IRRECORD,1
USER_LIRC_IRW,1
USER_LIRC_LIRCMD,1
USER_LIRC_IREXEC,1
USER_LIRC_LIRCD,1
USER_LIRC_MODE2,1
USER_PPPD_WITH_MINCONN,1
USER_IPERF_IPERF,1
USER_FILEUTILS_MORE,1
USER_LOGIN_PASSWD,1
USER_IPSENTINEL_IPSENTINEL,1
USER_MICROWIN_GRAYPALETTE,1
USER_REISERFSPROGS,1
USER_RSYNC_RSYNC,1
USER_READPROFILE_READPROFILE,1
USER_TINYTCL_TCLSH,1
USER_KENDIN_CONFIG,1
USER_MICROWIN_IPAQMOUSE,1
USER_SHUTILS_PWD,1
USER_SYSUTILS_HOSTNAME,1
USER_TCSH_TCSH,1
USER_MICROWIN_BIN_LANDMINE,1
LIB_LIBXML2,1
USER_OGGPLAY_EXAMPLE,1
USER_STP_STP,1
USER_TINYLOGIN_DELGROUP,1
USER_SETHDLC_SETHDLC,1
USER_TINYLOGIN_SULOGIN,1
USER_PROCPS_FREE,1
LIB_LIBPCAP,1
USER_TINYLOGIN_ADDGROUP,1
USER_LRZSZ_LRZSZ,1
USER_LRZSZ_LRZ,1
USER_LRZSZ_LSZ,1
USER_AT_ATD,1
LIB_POPT,1
LIB_ZLIB,1
USER_MAWK_AWK,1
USER_MUSICBOX_MUSICBOX,1
USER_NETSNMP_SNMPD,1
USER_NETSNMP_MIBS,1
USER_NETSNMP_MIBLOADING,1
USER_NETSNMP_OVRDEFAULTS,1
USER_NETSNMP_DEFVERSION,1
USER_NETSNMP_DEFPERSISDIR,1
USER_NETSNMP_DEFENTERPRISEOID,1
USER_NETSNMP_DEFLOGFILE,1
USER_NETSNMP_DEFSYSCONTACT,1
USER_NETSNMP_DEFSYSLOCATION,1
USER_NETSNMP_NOV1,1
USER_NETSNMP_NOV2C,1
USER_NETSNMP_APPS,1
USER_NETSNMP_APPS_DELTA,1
USER_NETSNMP_APPS_NETSTAT,1
USER_NETSNMP_APPS_TRAP,1
USER_NETSNMP_APPS_VACM,1
USER_NETSNMP_APPS_WALK,1
USER_NETSNMP_APPS_BULKWALK,1
USER_NETSNMP_APPS_BULKGET,1
USER_NETSNMP_APPS_TRAPD,1
USER_NETSNMP_APPS_TEST,1
USER_NETSNMP_APPS_TRANSLATE,1
USER_NETSNMP_APPS_TABLE,1
USER_NETSNMP_APPS_DF,1
USER_NETSNMP_APPS_GETNEXT,1
USER_NETSNMP_APPS_GET,1
USER_NETSNMP_APPS_USM,1
USER_NETSNMP_APPS_SET,1
USER_NETSNMP_APPS_STATUS,1
USER_NETSNMP_ADDMIBS,1
USER_NETSNMP_ADDITIONALMIBS,1
USER_NETSNMP_BUILDSTATIC,1
USER_NETSNMP_IPV6,1
USER_NETSNMP_MANUALS,1
USER_NETSNMP_SNMPD_MINI,1
USER_NETSNMP_OPENSSL,1
USER_NETSNMP_SCRIPTS,1
USER_NETSNMP_NOTRANSPORTS,1
USER_NETSNMP_EXTRANSPORTS,1
USER_SYSUTILS_PS,1
USER_FLTHDR_FLTHDR,1
USER_VIXIECRON_CRONTAB,1
USER_IFATTACH_IFATTACH,1
USER_TINYLOGIN_SU,1
USER_FILEUTILS_MKFIFO,1
USER_FERRET_FERRET,1
USER_SQUASHFS_MKSQUASHFS7Z,1
USER_MICROWIN_BIN_NPANEL,1
USER_SIPROXD_SIPROXD,1
USER_NWSH_SH_alt,1
USER_SASH_SH,1
USER_SH_SH,1
USER_NWSH_SH,1
USER_BASH_BASH,1
USER_MSH_SH,1
USER_OTHER_SH,1
LIB_ADNS,1
USER_NESSUS_CORE,1
USER_UNZIP_UNZIP,1
USER_UNZIP_FUNZIP,1
USER_PPPD_WITH_PASSWORDFD,1
USER_TINYLOGIN_SHA1_PASSWORDS,1
USER_SMBMOUNT_SMBUMOUNT,1
USER_FILEUTILS_CHMOD,1
USER_LHA_LHA,1
USER_VPLAY_VPLAY,1
USER_MICROWIN_SCANKBD,1
USER_PPTPD_PPTPCTRL,1
USER_MICROWIN_GPMMOUSE,1
USER_E2FSPROGS_MISC_MKLOST_FOUND,1
USER_NET_TOOLS_NAMEIF,1
USER_LUA,1
USER_LUA_LUAROCKS,1
USER_LUA_COSMO,1
USER_LUA_WSAPI,1
USER_LUA_WSAPI_XAVANTE,1
USER_LUA_LUASQL_SQLITE3,1
USER_LUA_ORBIT,1
USER_LUA_XAVANTE,1
USER_FNORD_404_REDIR,1
USER_BR2684CTL_BR2684CTL,1
USER_SYSUTILS_FREE,1
USER_CONNTRACK_CONNTRACK,1
USER_TELNET_TELNET,1
USER_MICROWIN_NOMOUSE,1
USER_NESSUS_NASL,1
USER_NULL_NULL,1
USER_PPPD_PPPOE_RETRIES,1
USER_BPALOGIN_BPALOGIN,1
USER_TINYLOGIN_PASSWD,1
LIB_CYRUSSASL,1
USER_SYSUTILS_DF,1
USER_MICROWIN_HAVE_PNG_SUPPORT,1
USER_MICROWIN_OBJFRAMEWORK,1
USER_IPSET_IPSET,1
USER_MICROWIN_BIN_NXTERM,1
USER_OGGPLAY_OGGPLAY,1
USER_ONLY_ROOT,1
USER_SGUTOOL_SGUTOOL,1
USER_MARADNS_MARADNS,1
LIB_OSIP2,1
USER_NTPCLIENT_NTPCLIENT,1
USER_DDNS3_CLIENT_DDNS3,1
USER_PPPD_WITH_PASSPROMPT,1
USER_GDB_GDBSERVER,1
USER_EZIPUPDATE_EZIPUPDATE,1
USER_MICROWIN_BIN_LAUNCHER,1
LIB_LIBPNG,1
USER_OLD_PASSWORDS,1
USER_RSYSLOGD_RSYSLOGD,1
USER_MICROWIN_BIN_NXVIEW,1
USER_CKSUM_CKSUM,1
USER_NOOOM_NOOOM,1
USER_NOOOM_BINARIES,1
LIB_NETFILTER_LOG,1
USER_SHUTILS_LOGNAME,1
USER_RECOVER_PRESERVE_CONFIG_FS,1
LIB_LIBCCMALLOC,1
USER_NET_TOOLS_MII_TOOL_FEC,1
USER_WGET,1
USER_BUSYBOX_BUSYBOX,1
USER_BUSYBOX_IPCRM,1
USER_BUSYBOX_WATCH,1
USER_BUSYBOX_IPADDR,1
USER_BUSYBOX_AR,1
USER_BUSYBOX_FEATURE_AR_LONG_FILENAMES,1
USER_BUSYBOX_GUNZIP,1
USER_BUSYBOX_FEATURE_GUNZIP_UNCOMPRESS,1
USER_BUSYBOX_VCONFIG,1
USER_BUSYBOX_CP,1
USER_BUSYBOX_PS,1
USER_BUSYBOX_FEATURE_PS_TIME,1
USER_BUSYBOX_FEATURE_PS_UNUSUAL_SYSTEMS,1
USER_BUSYBOX_FEATURE_PS_WIDE,1
USER_BUSYBOX_SV,1
USER_BUSYBOX_DIRNAME,1
USER_BUSYBOX_MESG,1
USER_BUSYBOX_CRONTAB,1
USER_BUSYBOX_CHAT,1
USER_BUSYBOX_FEATURE_CHAT_VAR_ABORT_LEN,1
USER_BUSYBOX_FEATURE_CHAT_TTY_HIFI,1
USER_BUSYBOX_FEATURE_CHAT_IMPLICIT_CR,1
USER_BUSYBOX_FEATURE_CHAT_NOFAIL,1
USER_BUSYBOX_FEATURE_CHAT_SWALLOW_OPTS,1
USER_BUSYBOX_FEATURE_CHAT_CLR_ABORT,1
USER_BUSYBOX_FEATURE_CHAT_SEND_ESCAPES,1
USER_BUSYBOX_RM,1
USER_BUSYBOX_FEATURE_IPV6,1
USER_BUSYBOX_FEATURE_PREFER_IPV4_ADDRESS,1
USER_BUSYBOX_TEE,1
USER_BUSYBOX_FEATURE_TEE_USE_BLOCK_IO,1
USER_BUSYBOX_SETENFORCE,1
USER_BUSYBOX_KBD_MODE,1
USER_BUSYBOX_NMETER,1
USER_BUSYBOX_DIFF,1
USER_BUSYBOX_FEATURE_DIFF_BINARY,1
USER_BUSYBOX_FEATURE_DIFF_MINIMAL,1
USER_BUSYBOX_FEATURE_DIFF_DIR,1
USER_BUSYBOX_TOP,1
USER_BUSYBOX_FEATURE_TOP_CPU_USAGE_PERCENTAGE,1
USER_BUSYBOX_FEATURE_TOP_DECIMALS,1
USER_BUSYBOX_FEATURE_TOP_CPU_GLOBAL_PERCENTS,1
USER_BUSYBOX_FEATURE_TOPMEM,1
USER_BUSYBOX_USE_BB_PWD_GRP,1
USER_BUSYBOX_MODPROBE,1
USER_BUSYBOX_FEATURE_MODPROBE_FANCY_ALIAS,1
USER_BUSYBOX_FEATURE_MODPROBE_MULTIPLE_OPTIONS,1
USER_BUSYBOX_FEATURE_INSTALLER,1
USER_BUSYBOX_FAKEIDENTD,1
USER_BUSYBOX_UMOUNT,1
USER_BUSYBOX_FEATURE_UMOUNT_ALL,1
USER_BUSYBOX_FEATURE_MTAB_SUPPORT,1
USER_BUSYBOX_FEATURE_MOUNT_LOOP,1
USER_BUSYBOX_WHO,1
USER_BUSYBOX_NOHUP,1
USER_BUSYBOX_FIND,1
USER_BUSYBOX_FEATURE_FIND_DELETE,1
USER_BUSYBOX_FEATURE_FIND_MTIME,1
USER_BUSYBOX_FEATURE_FIND_NEWER,1
USER_BUSYBOX_FEATURE_FIND_PRINT0,1
USER_BUSYBOX_FEATURE_FIND_XDEV,1
USER_BUSYBOX_FEATURE_FIND_PATH,1
USER_BUSYBOX_FEATURE_FIND_INUM,1
USER_BUSYBOX_FEATURE_FIND_PERM,1
USER_BUSYBOX_FEATURE_FIND_CONTEXT,1
USER_BUSYBOX_FEATURE_FIND_TYPE,1
USER_BUSYBOX_FEATURE_FIND_DEPTH,1
USER_BUSYBOX_FEATURE_FIND_REGEX,1
USER_BUSYBOX_FEATURE_FIND_NOT,1
USER_BUSYBOX_FEATURE_FIND_USER,1
USER_BUSYBOX_FEATURE_FIND_PAREN,1
USER_BUSYBOX_FEATURE_FIND_SIZE,1
USER_BUSYBOX_FEATURE_FIND_PRUNE,1
USER_BUSYBOX_FEATURE_FIND_EXEC,1
USER_BUSYBOX_FEATURE_FIND_MMIN,1
USER_BUSYBOX_FEATURE_FIND_GROUP,1
USER_BUSYBOX_FEATURE_FIND_MAXDEPTH,1
USER_BUSYBOX_MKFS_MINIX,1
USER_BUSYBOX_FEATURE_MINIX2,1
USER_BUSYBOX_ADDGROUP,1
USER_BUSYBOX_FEATURE_ADDUSER_TO_GROUP,1
USER_BUSYBOX_FEATURE_TAR_FROM,1
USER_BUSYBOX_TFTP,1
USER_BUSYBOX_RMMOD,1
USER_BUSYBOX_FBSET,1
USER_BUSYBOX_FEATURE_FBSET_FANCY,1
USER_BUSYBOX_FEATURE_FBSET_READMODE,1
USER_BUSYBOX_DPKG_DEB,1
USER_BUSYBOX_FEATURE_DPKG_DEB_EXTRACT_ONLY,1
USER_BUSYBOX_RMDIR,1
USER_BUSYBOX_FEATURE_RMDIR_LONG_OPTIONS,1
USER_BUSYBOX_FEATURE_2_6_MODULES,1
USER_BUSYBOX_HUSH,1
USER_BUSYBOX_HUSH_IF,1
USER_BUSYBOX_HUSH_INTERACTIVE,1
USER_BUSYBOX_HUSH_JOB,1
USER_BUSYBOX_HUSH_HELP,1
USER_BUSYBOX_HUSH_TICK,1
USER_BUSYBOX_HUSH_LOOPS,1
USER_BUSYBOX_CHVT,1
USER_BUSYBOX_LOGGER,1
USER_BUSYBOX_DNSD,1
USER_BUSYBOX_CHRT,1
USER_BUSYBOX_CHROOT,1
USER_BUSYBOX_GETSEBOOL,1
USER_BUSYBOX_INSMOD,1
USER_BUSYBOX_FEATURE_INSMOD_KSYMOOPS_SYMBOLS,1
USER_BUSYBOX_FEATURE_INSMOD_LOAD_MAP,1
USER_BUSYBOX_FEATURE_INSMOD_LOAD_MAP_FULL,1
USER_BUSYBOX_FEATURE_INSMOD_LOADINKMEM,1
USER_BUSYBOX_FEATURE_INSMOD_VERSION_CHECKING,1
USER_BUSYBOX_FREE,1
USER_BUSYBOX_ROUTE,1
USER_BUSYBOX_FEATURE_PIDFILE,1
USER_BUSYBOX_SVLOGD,1
USER_BUSYBOX_LPQ,1
USER_BUSYBOX_IPCS,1
USER_BUSYBOX_INSTALL_APPLET_SYMLINKS_alt,1
USER_BUSYBOX_INSTALL_APPLET_SYMLINKS,1
USER_BUSYBOX_INSTALL_APPLET_HARDLINKS,1
USER_BUSYBOX_INSTALL_APPLET_SCRIPT_WRAPPERS,1
USER_BUSYBOX_INSTALL_APPLET_DONT,1
USER_BUSYBOX_FOLD,1
USER_BUSYBOX_MORE,1
USER_BUSYBOX_FEATURE_USE_TERMIOS,1
USER_BUSYBOX_TOUCH,1
USER_BUSYBOX_PIDOF,1
USER_BUSYBOX_FEATURE_PIDOF_OMIT,1
USER_BUSYBOX_FEATURE_PIDOF_SINGLE,1
USER_BUSYBOX_HAVE_DOT_CONFIG,1
USER_BUSYBOX_NOMMU,1
USER_BUSYBOX_RUN_PARTS,1
USER_BUSYBOX_FEATURE_RUN_PARTS_LONG_OPTIONS,1
USER_BUSYBOX_SHA1SUM,1
USER_BUSYBOX_INSTALL_SH_APPLET_HARDLINK_alt,1
USER_BUSYBOX_INSTALL_SH_APPLET_SYMLINK,1
USER_BUSYBOX_INSTALL_SH_APPLET_HARDLINK,1
USER_BUSYBOX_INSTALL_SH_APPLET_SCRIPT_WRAPPER,1
USER_BUSYBOX_IPTUNNEL,1
USER_BUSYBOX_TELNETD,1
USER_BUSYBOX_FEATURE_TELNETD_STANDALONE,1
USER_BUSYBOX_CROND,1
USER_BUSYBOX_DEBUG_CROND_OPTION,1
USER_BUSYBOX_FEATURE_CROND_CALL_SENDMAIL,1
USER_BUSYBOX_IPROUTE,1
USER_BUSYBOX_YES,1
USER_BUSYBOX_FEATURE_DEVFS,1
USER_BUSYBOX_FEATURE_TAR_UNAME_GNAME,1
USER_BUSYBOX_DMALLOC_alt,1
USER_BUSYBOX_NO_DEBUG_LIB,1
USER_BUSYBOX_DMALLOC,1
USER_BUSYBOX_EFENCE,1
USER_BUSYBOX_GREP,1
USER_BUSYBOX_FEATURE_GREP_FGREP_ALIAS,1
USER_BUSYBOX_FEATURE_GREP_CONTEXT,1
USER_BUSYBOX_FEATURE_GREP_EGREP_ALIAS,1
USER_BUSYBOX_DATE,1
USER_BUSYBOX_FEATURE_DATE_ISOFMT,1
USER_BUSYBOX_UNCOMPRESS,1
USER_BUSYBOX_FSCK,1
USER_BUSYBOX_BRCTL,1
USER_BUSYBOX_FEATURE_BRCTL_FANCY,1
USER_BUSYBOX_VI,1
USER_BUSYBOX_FEATURE_VI_COLON,1
USER_BUSYBOX_FEATURE_VI_READONLY,1
USER_BUSYBOX_FEATURE_VI_8BIT,1
USER_BUSYBOX_FEATURE_VI_YANKMARK,1
USER_BUSYBOX_FEATURE_VI_WIN_RESIZE,1
USER_BUSYBOX_FEATURE_VI_SET,1
USER_BUSYBOX_FEATURE_VI_SETOPTS,1
USER_BUSYBOX_FEATURE_VI_DOT_CMD,1
USER_BUSYBOX_FEATURE_VI_USE_SIGNALS,1
USER_BUSYBOX_FEATURE_VI_OPTIMIZE_CURSOR,1
USER_BUSYBOX_FEATURE_VI_SEARCH,1
USER_BUSYBOX_FEATURE_ALLOW_EXEC,1
USER_BUSYBOX_FEATURE_VI_MAX_LEN,1
USER_BUSYBOX_FEATURE_PREFER_APPLETS,1
USER_BUSYBOX_SU,1
USER_BUSYBOX_FEATURE_SU_SYSLOG,1
USER_BUSYBOX_FEATURE_SU_CHECKS_SHELLS,1
USER_BUSYBOX_ENV,1
USER_BUSYBOX_FEATURE_ENV_LONG_OPTIONS,1
USER_BUSYBOX_SOFTLIMIT,1
USER_BUSYBOX_ENVUIDGID,1
USER_BUSYBOX_FEATURE_TAR_OLDGNU_COMPATIBILITY,1
USER_BUSYBOX_UUENCODE,1
USER_BUSYBOX_KLOGD,1
USER_BUSYBOX_MOUNTPOINT,1
USER_BUSYBOX_LS,1
USER_BUSYBOX_FEATURE_LS_USERNAME,1
USER_BUSYBOX_FEATURE_LS_RECURSIVE,1
USER_BUSYBOX_FEATURE_LS_TIMESTAMPS,1
USER_BUSYBOX_FEATURE_LS_FOLLOWLINKS,1
USER_BUSYBOX_FEATURE_LS_FILETYPES,1
USER_BUSYBOX_FEATURE_LS_SORTFILES,1
USER_BUSYBOX_FEATURE_LS_COLOR,1
USER_BUSYBOX_FEATURE_LS_COLOR_IS_DEFAULT,1
USER_BUSYBOX_RTCWAKE,1
USER_BUSYBOX_APP_UDHCPC,1
USER_BUSYBOX_UDHCPC_SLACK_FOR_BUGGY_SERVERS,1
USER_BUSYBOX_FEATURE_UDHCP_PORT,1
USER_BUSYBOX_FEATURE_UDHCP_DEBUG,1
USER_BUSYBOX_FEATURE_UDHCPC_ARPING,1
USER_BUSYBOX_DHCPC_DEFAULT_SCRIPT,1
USER_BUSYBOX_FEATURE_RFC3397,1
USER_BUSYBOX_WC,1
USER_BUSYBOX_FEATURE_WC_LARGE,1
USER_BUSYBOX_LOGNAME,1
USER_BUSYBOX_CAT,1
USER_BUSYBOX_SULOGIN,1
USER_BUSYBOX_GETOPT,1
USER_BUSYBOX_INIT,1
USER_BUSYBOX_FEATURE_USE_INITTAB,1
USER_BUSYBOX_FEATURE_KILL_REMOVED,1
USER_BUSYBOX_FEATURE_KILL_DELAY,1
USER_BUSYBOX_FEATURE_EXTRA_QUIET,1
USER_BUSYBOX_FEATURE_INIT_COREDUMPS,1
USER_BUSYBOX_FEATURE_INIT_SCTTY,1
USER_BUSYBOX_DEBUG_INIT,1
USER_BUSYBOX_FEATURE_INITRD,1
USER_BUSYBOX_FEATURE_INIT_SYSLOG,1
USER_BUSYBOX_UNEXPAND,1
USER_BUSYBOX_FEATURE_UNEXPAND_LONG_OPTIONS,1
USER_BUSYBOX_ASH,1
USER_BUSYBOX_ASH_RANDOM_SUPPORT,1
USER_BUSYBOX_ASH_JOB_CONTROL,1
USER_BUSYBOX_ASH_READ_NCHARS,1
USER_BUSYBOX_ASH_BUILTIN_TEST,1
USER_BUSYBOX_ASH_EXPAND_PRMT,1
USER_BUSYBOX_ASH_CMDCMD,1
USER_BUSYBOX_ASH_ALIAS,1
USER_BUSYBOX_ASH_MATH_SUPPORT,1
USER_BUSYBOX_ASH_MATH_SUPPORT_64,1
USER_BUSYBOX_ASH_OPTIMIZE_FOR_SIZE,1
USER_BUSYBOX_ASH_READ_TIMEOUT,1
USER_BUSYBOX_ASH_GETOPTS,1
USER_BUSYBOX_ASH_MAIL,1
USER_BUSYBOX_ASH_BUILTIN_ECHO,1
USER_BUSYBOX_TR,1
USER_BUSYBOX_FEATURE_TR_EQUIV,1
USER_BUSYBOX_FEATURE_TR_CLASSES,1
USER_BUSYBOX_DELGROUP,1
USER_BUSYBOX_FEATURE_DEL_USER_FROM_GROUP,1
USER_BUSYBOX_UUDECODE,1
USER_BUSYBOX_PGREP,1
USER_BUSYBOX_MT,1
USER_BUSYBOX_DEBUG_TFTP,1
USER_BUSYBOX_CHOWN,1
USER_BUSYBOX_FEATURE_SUID,1
USER_BUSYBOX_FEATURE_SUID_CONFIG,1
USER_BUSYBOX_FEATURE_SUID_CONFIG_QUIET,1
USER_BUSYBOX_BUSYBOX_EXEC_PATH,1
USER_BUSYBOX_FEATURE_HUMAN_READABLE,1
USER_BUSYBOX_IPCALC,1
USER_BUSYBOX_FEATURE_IPCALC_LONG_OPTIONS,1
USER_BUSYBOX_FEATURE_IPCALC_FANCY,1
USER_BUSYBOX_TTY,1
USER_BUSYBOX_UDPSVD,1
USER_BUSYBOX_LOCALE_SUPPORT,1
USER_BUSYBOX_MICROCOM,1
USER_BUSYBOX_VLOCK,1
USER_BUSYBOX_NAMEIF,1
USER_BUSYBOX_FEATURE_NAMEIF_EXTENDED,1
USER_BUSYBOX_LPR,1
USER_BUSYBOX_FEATURE_SYSLOG,1
USER_BUSYBOX_TCPSVD,1
USER_BUSYBOX_RX,1
USER_BUSYBOX_SELINUXENABLED,1
USER_BUSYBOX_FUSER,1
USER_BUSYBOX_IP,1
USER_BUSYBOX_FEATURE_IP_TUNNEL,1
USER_BUSYBOX_FEATURE_IP_ROUTE,1
USER_BUSYBOX_FEATURE_IP_ADDRESS,1
USER_BUSYBOX_FEATURE_IP_RARE_PROTOCOLS,1
USER_BUSYBOX_FEATURE_IP_RULE,1
USER_BUSYBOX_FEATURE_IP_LINK,1
USER_BUSYBOX_FEATURE_IP_SHORT_FORMS,1
USER_BUSYBOX_SUM,1
USER_BUSYBOX_LN,1
USER_BUSYBOX_ADJTIMEX,1
USER_BUSYBOX_PRINTF,1
USER_BUSYBOX_DOS2UNIX,1
USER_BUSYBOX_UNIX2DOS,1
USER_BUSYBOX_TRUE,1
USER_BUSYBOX_READPROFILE,1
USER_BUSYBOX_INSTALL,1
USER_BUSYBOX_FEATURE_INSTALL_LONG_OPTIONS,1
USER_BUSYBOX_DEBUG,1
USER_BUSYBOX_SETKEYCODES,1
USER_BUSYBOX_SYSLOGD,1
USER_BUSYBOX_FEATURE_IPC_SYSLOG,1
USER_BUSYBOX_FEATURE_IPC_SYSLOG_BUFFER_SIZE,1
USER_BUSYBOX_LOGREAD,1
USER_BUSYBOX_FEATURE_LOGREAD_REDUCED_LOCKING,1
USER_BUSYBOX_FEATURE_ROTATE_LOGFILE,1
USER_BUSYBOX_FEATURE_REMOTE_LOG,1
USER_BUSYBOX_FEATURE_SYSLOGD_DUP,1
USER_BUSYBOX_DEALLOCVT,1
USER_BUSYBOX_WHOAMI,1
USER_BUSYBOX_CATV,1
USER_BUSYBOX_HEAD,1
USER_BUSYBOX_FEATURE_FANCY_HEAD,1
USER_BUSYBOX_MKSWAP,1
USER_BUSYBOX_FEATURE_MKSWAP_V0,1
USER_BUSYBOX_DMESG,1
USER_BUSYBOX_FEATURE_DMESG_PRETTY,1
USER_BUSYBOX_TFTPD,1
USER_BUSYBOX_FEATURE_TFTP_GET,1
USER_BUSYBOX_FEATURE_TFTP_BLOCKSIZE,1
USER_BUSYBOX_FEATURE_TFTP_PUT,1
USER_BUSYBOX_FALSE,1
USER_BUSYBOX_WATCHDOGD,1
USER_BUSYBOX_FEATURE_QUERY_MODULE_INTERFACE,1
USER_BUSYBOX_LOAD_POLICY,1
USER_BUSYBOX_ARP,1
USER_BUSYBOX_LSMOD,1
USER_BUSYBOX_FEATURE_LSMOD_PRETTY_2_6_OUTPUT,1
USER_BUSYBOX_FEATURE_BUFFERS_USE_MALLOC_alt,1
USER_BUSYBOX_FEATURE_BUFFERS_USE_MALLOC,1
USER_BUSYBOX_FEATURE_BUFFERS_GO_ON_STACK,1
USER_BUSYBOX_FEATURE_BUFFERS_GO_IN_BSS,1
USER_BUSYBOX_SYNC,1
USER_BUSYBOX_FTPGET,1
USER_BUSYBOX_FINDFS,1
USER_BUSYBOX_TTYSIZE,1
USER_BUSYBOX_HD,1
USER_BUSYBOX_FEATURE_COPYBUF_KB,1
USER_BUSYBOX_RESET,1
USER_BUSYBOX_TAIL,1
USER_BUSYBOX_FEATURE_FANCY_TAIL,1
USER_BUSYBOX_RPM,1
USER_BUSYBOX_FEATURE_RPM_BZ2,1
USER_BUSYBOX_HTTPD,1
USER_BUSYBOX_FEATURE_HTTPD_CGI,1
USER_BUSYBOX_FEATURE_HTTPD_SET_REMOTE_PORT_TO_ENV,1
USER_BUSYBOX_FEATURE_HTTPD_CONFIG_WITH_SCRIPT_INTERPR,1
USER_BUSYBOX_FEATURE_HTTPD_ERROR_PAGES,1
USER_BUSYBOX_FEATURE_HTTPD_RELOAD_CONFIG_SIGHUP,1
USER_BUSYBOX_FEATURE_HTTPD_ENCODE_URL_STR,1
USER_BUSYBOX_FEATURE_HTTPD_BASIC_AUTH,1
USER_BUSYBOX_FEATURE_HTTPD_AUTH_MD5,1
USER_BUSYBOX_FEATURE_HTTPD_PROXY,1
USER_BUSYBOX_FEATURE_HTTPD_SETUID,1
USER_BUSYBOX_FEATURE_HTTPD_RANGES,1
USER_BUSYBOX_FEATURE_HTTPD_USE_SENDFILE,1
USER_BUSYBOX_FEATURE_HTTPD_CONFIG_WITH_MIME_TYPES,1
USER_BUSYBOX_VERBOSE_RESOLUTION_ERRORS,1
USER_BUSYBOX_FTPPUT,1
USER_BUSYBOX_FEATURE_FTPGETPUT_LONG_OPTIONS,1
USER_BUSYBOX_FEATURE_DEB_TAR_LZMA,1
USER_BUSYBOX_FDFLUSH,1
USER_BUSYBOX_TEST,1
USER_BUSYBOX_FEATURE_TEST_64,1
USER_BUSYBOX_EXPAND,1
USER_BUSYBOX_FEATURE_EXPAND_LONG_OPTIONS,1
USER_BUSYBOX_DELUSER,1
USER_BUSYBOX_SETSID,1
USER_BUSYBOX_REALPATH,1
USER_BUSYBOX_DD,1
USER_BUSYBOX_FEATURE_DD_SIGNAL_HANDLING,1
USER_BUSYBOX_FEATURE_DD_IBS_OBS,1
USER_BUSYBOX_RUNSVDIR,1
USER_BUSYBOX_DEVFSD,1
USER_BUSYBOX_DEVFSD_MODLOAD,1
USER_BUSYBOX_DEVFSD_FG_NP,1
USER_BUSYBOX_DEVFSD_VERBOSE,1
USER_BUSYBOX_MSH,1
USER_BUSYBOX_FEATURE_SH_EXTRA_QUIET,1
USER_BUSYBOX_FEATURE_SH_STANDALONE,1
USER_BUSYBOX_FDISK,1
USER_BUSYBOX_FEATURE_FDISK_WRITABLE,1
USER_BUSYBOX_FEATURE_SUN_LABEL,1
USER_BUSYBOX_FEATURE_OSF_LABEL,1
USER_BUSYBOX_FEATURE_SGI_LABEL,1
USER_BUSYBOX_FEATURE_FDISK_ADVANCED,1
USER_BUSYBOX_FEATURE_AIX_LABEL,1
USER_BUSYBOX_FDISK_SUPPORT_LARGE_DISKS,1
USER_BUSYBOX_FEATURE_SH_IS_NONE_alt,1
USER_BUSYBOX_FEATURE_SH_IS_ASH,1
USER_BUSYBOX_FEATURE_SH_IS_HUSH,1
USER_BUSYBOX_FEATURE_SH_IS_MSH,1
USER_BUSYBOX_FEATURE_SH_IS_NONE,1
USER_BUSYBOX_ARPING,1
USER_BUSYBOX_TIME,1
USER_BUSYBOX_NSLOOKUP,1
USER_BUSYBOX_ETHER_WAKE,1
USER_BUSYBOX_TASKSET,1
USER_BUSYBOX_FEATURE_TASKSET_FANCY,1
USER_BUSYBOX_CHCON,1
USER_BUSYBOX_FEATURE_CHCON_LONG_OPTIONS,1
USER_BUSYBOX_ENVDIR,1
USER_BUSYBOX_FEATURE_MD5_SHA1_SUM_CHECK,1
USER_BUSYBOX_SORT,1
USER_BUSYBOX_FEATURE_SORT_BIG,1
USER_BUSYBOX_IFUPDOWN,1
USER_BUSYBOX_FEATURE_IFUPDOWN_IPV4,1
USER_BUSYBOX_FEATURE_IFUPDOWN_MAPPING,1
USER_BUSYBOX_FEATURE_IFUPDOWN_IPV6,1
USER_BUSYBOX_FEATURE_IFUPDOWN_IP,1
USER_BUSYBOX_FEATURE_IFUPDOWN_IP_BUILTIN,1
USER_BUSYBOX_FEATURE_IFUPDOWN_IFCONFIG_BUILTIN,1
USER_BUSYBOX_IFUPDOWN_IFSTATE_PATH,1
USER_BUSYBOX_FEATURE_IFUPDOWN_EXTERNAL_DHCP,1
USER_BUSYBOX_FEATURE_VERBOSE_CP_MESSAGE,1
USER_BUSYBOX_LOSETUP,1
USER_BUSYBOX_KILL,1
USER_BUSYBOX_KILLALL5,1
USER_BUSYBOX_KILLALL,1
USER_BUSYBOX_RUNLEVEL,1
USER_BUSYBOX_LOADKMAP,1
USER_BUSYBOX_TAR,1
USER_BUSYBOX_FEATURE_TAR_COMPRESS,1
USER_BUSYBOX_FEATURE_TAR_GZIP,1
USER_BUSYBOX_FEATURE_TAR_BZIP2,1
USER_BUSYBOX_FEATURE_TAR_CREATE,1
USER_BUSYBOX_FEATURE_TAR_LZMA,1
USER_BUSYBOX_MAKEDEVS,1
USER_BUSYBOX_FEATURE_MAKEDEVS_LEAF_alt,1
USER_BUSYBOX_FEATURE_MAKEDEVS_LEAF,1
USER_BUSYBOX_FEATURE_MAKEDEVS_TABLE,1
USER_BUSYBOX_MDEV,1
USER_BUSYBOX_FEATURE_MDEV_CONF,1
USER_BUSYBOX_FEATURE_MDEV_EXEC,1
USER_BUSYBOX_FEATURE_MDEV_RENAME,1
USER_BUSYBOX_FEATURE_MDEV_LOAD_FIRMWARE,1
USER_BUSYBOX_FEATURE_EDITING,1
USER_BUSYBOX_FEATURE_EDITING_SAVEHISTORY,1
USER_BUSYBOX_FEATURE_TAB_COMPLETION,1
USER_BUSYBOX_FEATURE_USERNAME_COMPLETION,1
USER_BUSYBOX_FEATURE_EDITING_MAX_LEN,1
USER_BUSYBOX_FEATURE_EDITING_HISTORY,1
USER_BUSYBOX_FEATURE_EDITING_VI,1
USER_BUSYBOX_FEATURE_EDITING_FANCY_PROMPT,1
USER_BUSYBOX_BUILD_LIBBUSYBOX,1
USER_BUSYBOX_FEATURE_SHARED_BUSYBOX,1
USER_BUSYBOX_FEATURE_INDIVIDUAL,1
USER_BUSYBOX_ID,1
USER_BUSYBOX_LASH,1
USER_BUSYBOX_HEXDUMP,1
USER_BUSYBOX_FEATURE_HEXDUMP_REVERSE,1
USER_BUSYBOX_BB_SYSCTL,1
USER_BUSYBOX_PASSWD,1
USER_BUSYBOX_FEATURE_PASSWD_WEAK_CHECK,1
USER_BUSYBOX_NITPICK,1
USER_BUSYBOX_ZCIP,1
USER_BUSYBOX_IPLINK,1
USER_BUSYBOX_PWD,1
USER_BUSYBOX_CRYPTPW,1
USER_BUSYBOX_STRINGS,1
USER_BUSYBOX_FEATURE_CHECK_NAMES,1
USER_BUSYBOX_FEATURE_CHECK_TAINTED_MODULE,1
USER_BUSYBOX_DESKTOP,1
USER_BUSYBOX_PING,1
USER_BUSYBOX_FEATURE_FANCY_PING,1
USER_BUSYBOX_PING6,1
USER_BUSYBOX_HOSTID,1
USER_BUSYBOX_LOGIN,1
USER_BUSYBOX_FEATURE_NOLOGIN,1
USER_BUSYBOX_LOGIN_SCRIPTS,1
USER_BUSYBOX_FEATURE_SECURETTY,1
USER_BUSYBOX_PAM,1
USER_BUSYBOX_INETD,1
USER_BUSYBOX_FEATURE_INETD_SUPPORT_BUILTIN_TIME,1
USER_BUSYBOX_FEATURE_INETD_RPC,1
USER_BUSYBOX_FEATURE_INETD_SUPPORT_BUILTIN_DISCARD,1
USER_BUSYBOX_FEATURE_INETD_SUPPORT_BUILTIN_DAYTIME,1
USER_BUSYBOX_FEATURE_INETD_SUPPORT_BUILTIN_ECHO,1
USER_BUSYBOX_FEATURE_INETD_SUPPORT_BUILTIN_CHARGEN,1
USER_BUSYBOX_SETLOGCONS,1
USER_BUSYBOX_WHICH,1
USER_BUSYBOX_OPENVT,1
USER_BUSYBOX_EJECT,1
USER_BUSYBOX_FEATURE_EJECT_SCSI,1
USER_BUSYBOX_FEATURE_CLEAN_UP,1
USER_BUSYBOX_INCLUDE_SUSv2,1
USER_BUSYBOX_LESS,1
USER_BUSYBOX_FEATURE_LESS_BRACKETS,1
USER_BUSYBOX_FEATURE_LESS_FLAGCS,1
USER_BUSYBOX_FEATURE_LESS_FLAGS,1
USER_BUSYBOX_FEATURE_LESS_MARKS,1
USER_BUSYBOX_FEATURE_LESS_MAXLINES,1
USER_BUSYBOX_FEATURE_LESS_REGEXP,1
USER_BUSYBOX_INSTALL_NO_USR,1
USER_BUSYBOX_LFS,1
USER_BUSYBOX_BASENAME,1
USER_BUSYBOX_FEATURE_DEVPTS,1
USER_BUSYBOX_FETCHMAIL,1
USER_BUSYBOX_HOSTNAME,1
USER_BUSYBOX_ADDUSER,1
USER_BUSYBOX_FEATURE_ADDUSER_LONG_OPTIONS,1
USER_BUSYBOX_FEATURE_HAVE_RPC,1
USER_BUSYBOX_LENGTH,1
USER_BUSYBOX_HDPARM,1
USER_BUSYBOX_FEATURE_HDPARM_HDIO_SCAN_HWIF,1
USER_BUSYBOX_FEATURE_HDPARM_GET_IDENTITY,1
USER_BUSYBOX_FEATURE_HDPARM_HDIO_GETSET_DMA,1
USER_BUSYBOX_FEATURE_HDPARM_HDIO_UNREGISTER_HWIF,1
USER_BUSYBOX_FEATURE_HDPARM_HDIO_TRISTATE_HWIF,1
USER_BUSYBOX_FEATURE_HDPARM_HDIO_DRIVE_RESET,1
USER_BUSYBOX_SEQ,1
USER_BUSYBOX_FEATURE_PRESERVE_HARDLINKS,1
USER_BUSYBOX_DPKG,1
USER_BUSYBOX_UNIQ,1
USER_BUSYBOX_APP_UDHCPD,1
USER_BUSYBOX_APP_DHCPRELAY,1
USER_BUSYBOX_DHCPD_LEASES_FILE,1
USER_BUSYBOX_FEATURE_UDHCPD_WRITE_LEASES_EARLY,1
USER_BUSYBOX_APP_DUMPLEASES,1
USER_BUSYBOX_READAHEAD,1
USER_BUSYBOX_SETFILES,1
USER_BUSYBOX_FEATURE_SETFILES_CHECK_OPTION,1
USER_BUSYBOX_UPTIME,1
USER_BUSYBOX_UNAME,1
USER_BUSYBOX_CAL,1
USER_BUSYBOX_UNZIP,1
USER_BUSYBOX_SWAPONOFF,1
USER_BUSYBOX_SESTATUS,1
USER_BUSYBOX_FEATURE_TAR_GNU_EXTENSIONS,1
USER_BUSYBOX_BUNZIP2,1
USER_BUSYBOX_FEATURE_VERBOSE_USAGE,1
USER_BUSYBOX_SETARCH,1
USER_BUSYBOX_SETSEBOOL,1
USER_BUSYBOX_FEATURE_DEB_TAR_GZ,1
USER_BUSYBOX_CHATTR,1
USER_BUSYBOX_RESTORECON,1
USER_BUSYBOX_SCRIPT,1
USER_BUSYBOX_SETUIDGID,1
USER_BUSYBOX_TAC,1
USER_BUSYBOX_LPD,1
USER_BUSYBOX_MV,1
USER_BUSYBOX_FEATURE_MV_LONG_OPTIONS,1
USER_BUSYBOX_SLEEP,1
USER_BUSYBOX_FEATURE_FANCY_SLEEP,1
USER_BUSYBOX_FEATURE_UNARCHIVE_TAPE,1
USER_BUSYBOX_FEATURE_TAR_OLDSUN_COMPATIBILITY,1
USER_BUSYBOX_CHGRP,1
USER_BUSYBOX_FDFORMAT,1
USER_BUSYBOX_SLATTACH,1
USER_BUSYBOX_SED,1
USER_BUSYBOX_MATCHPATHCON,1
USER_BUSYBOX_FREERAMDISK,1
USER_BUSYBOX_READLINK,1
USER_BUSYBOX_FEATURE_READLINK_FOLLOW,1
USER_BUSYBOX_FSCK_MINIX,1
USER_BUSYBOX_IFCONFIG,1
USER_BUSYBOX_FEATURE_IFCONFIG_HW,1
USER_BUSYBOX_FEATURE_IFCONFIG_MEMSTART_IOADDR_IRQ,1
USER_BUSYBOX_FEATURE_IFCONFIG_SLIP,1
USER_BUSYBOX_FEATURE_IFCONFIG_STATUS,1
USER_BUSYBOX_FEATURE_IFCONFIG_BROADCAST_PLUS,1
USER_BUSYBOX_ECHO,1
USER_BUSYBOX_FEATURE_FANCY_ECHO,1
USER_BUSYBOX_STATIC,1
USER_BUSYBOX_GETTY,1
USER_BUSYBOX_FEATURE_WTMP,1
USER_BUSYBOX_FEATURE_UTMP,1
USER_BUSYBOX_SHOW_USAGE,1
USER_BUSYBOX_CLEAR,1
USER_BUSYBOX_SELINUX,1
USER_BUSYBOX_CPIO,1
USER_BUSYBOX_CHPST,1
USER_BUSYBOX_GETENFORCE,1
USER_BUSYBOX_DC,1
USER_BUSYBOX_MKFIFO,1
USER_BUSYBOX_EXPR,1
USER_BUSYBOX_EXPR_MATH_SUPPORT_64,1
USER_BUSYBOX_RENICE,1
USER_BUSYBOX_RESIZE,1
USER_BUSYBOX_FEATURE_RESIZE_PRINT,1
USER_BUSYBOX_ED,1
USER_BUSYBOX_PASSWORD_MINLEN,1
USER_BUSYBOX_MONOTONIC_SYSCALL,1
USER_BUSYBOX_MOUNT,1
USER_BUSYBOX_FEATURE_MOUNT_VERBOSE,1
USER_BUSYBOX_FEATURE_MOUNT_FSTAB,1
USER_BUSYBOX_FEATURE_MOUNT_CIFS,1
USER_BUSYBOX_FEATURE_MOUNT_NFS,1
USER_BUSYBOX_FEATURE_MOUNT_FAKE,1
USER_BUSYBOX_FEATURE_MOUNT_LABEL,1
USER_BUSYBOX_FEATURE_MOUNT_HELPERS,1
USER_BUSYBOX_FEATURE_MOUNT_FLAGS,1
USER_BUSYBOX_IFENSLAVE,1
USER_BUSYBOX_MKTEMP,1
USER_BUSYBOX_SPLIT,1
USER_BUSYBOX_FEATURE_SPLIT_FANCY,1
USER_BUSYBOX_TRACEROUTE,1
USER_BUSYBOX_FEATURE_TRACEROUTE_USE_ICMP,1
USER_BUSYBOX_FEATURE_TRACEROUTE_SOURCE_ROUTE,1
USER_BUSYBOX_FEATURE_TRACEROUTE_VERBOSE,1
USER_BUSYBOX_IOCTL_HEX2STR_ERROR,1
USER_BUSYBOX_GZIP,1
USER_BUSYBOX_VOLUMEID,1
USER_BUSYBOX_FEATURE_VOLUMEID_LINUXSWAP,1
USER_BUSYBOX_FEATURE_VOLUMEID_EXT,1
USER_BUSYBOX_FEATURE_VOLUMEID_REISERFS,1
USER_BUSYBOX_FEATURE_VOLUMEID_UDF,1
USER_BUSYBOX_FEATURE_VOLUMEID_LINUXRAID,1
USER_BUSYBOX_FEATURE_VOLUMEID_JFS,1
USER_BUSYBOX_FEATURE_VOLUMEID_ISO9660,1
USER_BUSYBOX_FEATURE_VOLUMEID_LUKS,1
USER_BUSYBOX_FEATURE_VOLUMEID_SYSV,1
USER_BUSYBOX_FEATURE_VOLUMEID_OCFS2,1
USER_BUSYBOX_FEATURE_VOLUMEID_ROMFS,1
USER_BUSYBOX_FEATURE_VOLUMEID_FAT,1
USER_BUSYBOX_FEATURE_VOLUMEID_CRAMFS,1
USER_BUSYBOX_FEATURE_VOLUMEID_NTFS,1
USER_BUSYBOX_FEATURE_VOLUMEID_XFS,1
USER_BUSYBOX_FEATURE_VOLUMEID_HFS,1
USER_BUSYBOX_START_STOP_DAEMON,1
USER_BUSYBOX_FEATURE_START_STOP_DAEMON_FANCY,1
USER_BUSYBOX_FEATURE_START_STOP_DAEMON_LONG_OPTIONS,1
USER_BUSYBOX_USLEEP,1
USER_BUSYBOX_UNLZMA,1
USER_BUSYBOX_FEATURE_LZMA_FAST,1
USER_BUSYBOX_STTY,1
USER_BUSYBOX_OD,1
USER_BUSYBOX_MKNOD,1
USER_BUSYBOX_HWCLOCK,1
USER_BUSYBOX_FEATURE_HWCLOCK_ADJTIME_FHS,1
USER_BUSYBOX_FEATURE_HWCLOCK_LONG_OPTIONS,1
USER_BUSYBOX_FEATURE_SHADOWPASSWDS,1
USER_BUSYBOX_USE_BB_SHADOW,1
USER_BUSYBOX_RUNSV,1
USER_BUSYBOX_DUMPKMAP,1
USER_BUSYBOX_CUT,1
USER_BUSYBOX_PIVOT_ROOT,1
USER_BUSYBOX_NETSTAT,1
USER_BUSYBOX_FEATURE_NETSTAT_WIDE,1
USER_BUSYBOX_FEATURE_TAR_AUTODETECT,1
USER_BUSYBOX_AWK,1
USER_BUSYBOX_FEATURE_AWK_MATH,1
USER_BUSYBOX_WERROR,1
USER_BUSYBOX_PATCH,1
USER_BUSYBOX_FEATURE_FAST_TOP,1
USER_BUSYBOX_LAST,1
USER_BUSYBOX_CTTYHACK,1
USER_BUSYBOX_WGET,1
USER_BUSYBOX_FEATURE_WGET_LONG_OPTIONS,1
USER_BUSYBOX_FEATURE_WGET_STATUSBAR,1
USER_BUSYBOX_FEATURE_WGET_AUTHENTICATION,1
USER_BUSYBOX_MKDIR,1
USER_BUSYBOX_FEATURE_MKDIR_LONG_OPTIONS,1
USER_BUSYBOX_COMM,1
USER_BUSYBOX_SENDMAIL,1
USER_BUSYBOX_SETCONSOLE,1
USER_BUSYBOX_FEATURE_SETCONSOLE_LONG_OPTIONS,1
USER_BUSYBOX_FEATURE_2_4_MODULES,1
USER_BUSYBOX_NICE,1
USER_BUSYBOX_CMP,1
USER_BUSYBOX_HALT,1
USER_BUSYBOX_PIPE_PROGRESS,1
USER_BUSYBOX_PKILL,1
USER_BUSYBOX_CKSUM,1
USER_BUSYBOX_PRINTENV,1
USER_BUSYBOX_FEATURE_TAR_LONG_OPTIONS,1
USER_BUSYBOX_PSCAN,1
USER_BUSYBOX_NC,1
USER_BUSYBOX_NC_EXTRA,1
USER_BUSYBOX_NC_SERVER,1
USER_BUSYBOX_FEATURE_ETC_NETWORKS,1
USER_BUSYBOX_CHMOD,1
USER_BUSYBOX_MD5SUM,1
USER_BUSYBOX_STAT,1
USER_BUSYBOX_FEATURE_STAT_FORMAT,1
USER_BUSYBOX_GETOPT_LONG,1
USER_BUSYBOX_MD5_SIZE_VS_SPEED,1
USER_BUSYBOX_FEATURE_COMPRESS_USAGE,1
FEATURE_RUN_PARTS_FANCY,1
USER_BUSYBOX_SWITCH_ROOT,1
USER_BUSYBOX_RDATE,1
USER_BUSYBOX_BBCONFIG,1
USER_BUSYBOX_RUNCON,1
USER_BUSYBOX_FEATURE_RUNCON_LONG_OPTIONS,1
USER_BUSYBOX_FEATURE_AUTOWIDTH,1
USER_BUSYBOX_FEATURE_DEB_TAR_BZ2,1
USER_BUSYBOX_LOADFONT,1
USER_BUSYBOX_CHPASSWD,1
USER_BUSYBOX_IPRULE,1
USER_BUSYBOX_DU,1
USER_BUSYBOX_FEATURE_DU_DEFAULT_BLOCKSIZE_1K,1
USER_BUSYBOX_XARGS,1
USER_BUSYBOX_FEATURE_XARGS_SUPPORT_TERMOPT,1
USER_BUSYBOX_FEATURE_XARGS_SUPPORT_ZERO_TERM,1
USER_BUSYBOX_FEATURE_XARGS_SUPPORT_QUOTES,1
USER_BUSYBOX_FEATURE_XARGS_SUPPORT_CONFIRMATION,1
USER_BUSYBOX_RAIDAUTORUN,1
USER_BUSYBOX_PREFIX,1
USER_BUSYBOX_TELNET,1
USER_BUSYBOX_FEATURE_TELNET_AUTOLOGIN,1
USER_BUSYBOX_FEATURE_TELNET_TTYPE,1
USER_BUSYBOX_BZIP2,1
USER_BUSYBOX_LSATTR,1
USER_BUSYBOX_RPM2CPIO,1
USER_BUSYBOX_DF,1
USER_BUSYBOX_FEATURE_DF_INODE,1
LIB_LIBLZMA,1
USER_SQUASHFS_MKSQUASHFS,1
USER_SSH_SFTP_SERVER,1
USER_STTY_STTY,1
USER_NET_TOOLS_SLATTACH,1
USER_DHCPCD_DHCPCD,1
USER_DHCPCD_LLIP,1
USER_PPTP_CLIENT_PPTP,1
USER_TINYLOGIN_DELUSER,1
USER_LANG_A60,1
USER_LANG_A60_EGS,1
USER_LANG_A60_TEST,1
USER_INIT_INIT,1
USER_SETMAC_SETMAC,1
USER_GDB_HOST,1
USER_BZIP2_BZIP2,1
USER_DHCPD_DHCPD,1
USER_FILEUTILS_MV,1
USER_BRCTL_BRCTL,1
USER_DEBUG_DEBUG,1
USER_PROCPS_PWDX,1
USER_HTTPTUNNEL_CLIENT,1
USER_MOUNT_UMOUNT,1
USER_PYTHON,1
USER_MICROWIN_HAVE_BMP_SUPPORT,1
USER_SHUTILS_PRINTENV,1
LIB_NFNETLINK,1
USER_E2FSPROGS_MISC_BADBLOCKS,1
LIB_LIBEFENCE,1
USER_FROB_LED_FROB_LED,1
USER_FILEUTILS_TOUCH,1
USER_DIALD_DIALD,1
USER_RECOVER_STATIC_TFTP,1
USER_IPCHAINS_IPCHAINS,1
USER_VPNLED_VPNLED,1
USER_SHUTILS_DIRNAME,1
USER_RRDTOOL_RRDTOOL,1
USER_FILEUTILS_MKNOD,1
USER_PROCPS_SYSCTL,1
USER_MICROWIN_HAVE_SHAREDMEM_SUPPORT,1
LIB_UC_LIBC_TIMEZONE,1
LIB_UC_LIBC_TZ_FROM_FILE,1
USER_INIT_EXPAND,1
USER_INIT_EXPAND_NOZEROES,1
USER_MINIUPNPD,1
USER_W3CAM_VIDCAT,1
USER_PERL_PERL,1
USER_NBENCH_NBENCH,1
USER_MICROWIN_HAVE_GIF_SUPPORT,1
USER_MICROWIN_FRAMEBUFFER,1
USER_SMTP_SMTPCLIENT,1
USER_SMBMOUNT_SMBMOUNT,1
LIB_LIBBZ2,1
USER_L2TPD_L2TPD,1
USER_E2FSPROGS_MISC_UUIDGEN,1
USER_RTC_M41T11,1
USER_ARJ_ARJ,1
USER_E2FSPROGS_MISC_CHATTR,1
USER_OPROFILE,1
USER_DEBUG,1
USER_FILEUTILS_SYNC,1
USER_SSH_SSH,1
USER_PROCPS_SNICE,1
LIB_LIBLZO,1
USER_MICROWIN_HARRIERMOUSE,1
USER_DEMO_MORSE,1
USER_OPENVPN_OPENVPN,1
USER_SHUTILS_WHOAMI,1
USER_RECOVER_USE_STATIC_SERVER,1
USER_RECOVER_STATIC_SERVER,1
USER_FILEUTILS_CP,1
USER_FNORD_PAM,1
USER_DEMO_BUTTON,1
USER_FAKEIDENTD_IDENTD,1
USER_MICROWIN_HAVE_PNM_SUPPORT,1
USER_MICROWIN_BIN_NTETRIS,1
USER_MICROWIN_BIN_MOVE,1
USER_TINYLOGIN_GETTY,1
USER_AT_AT,1
USER_ULOGD_ULOGD,1
USER_NESSUS_PLUGINS,1
USER_MICROWIN_PSIONMOUSE,1
USER_CRAMFS_MKCRAMFS,1
USER_NETSTAT_NAT_NETSTAT_NAT,1
USER_PPTP_PPTP,1
USER_RP_PPPOE_PPPOE,1
USER_RP_PPPOE_PPPOE_SERVER,1
LIB_NCURSES,1
USER_PROCPS_VMSTAT,1
USER_DISCARD_DISCARD,1
USER_DISCARD_NO_INSTALL,1
USER_PROCPS_PKILL,1
USER_DOSFSTOOLS_DOSFSCK,1
USER_ROOTLOADER_ROOTLOADER,1
LIB_LIBSSL,1
LIB_LIBPAM,1
USER_PAM_SMB,1
USER_PAM_RADIUS,1
USER_PAM_KRB5,1
USER_PAM_LDAP,1
USER_PAM_TACACS,1
LIB_LIBIDN,1
USER_CAN_EXAMPLES,1
USER_SAMBA,1
USER_SAMBA_SMBUMOUNT,1
USER_SAMBA_NMBD,1
USER_SAMBA_SMBMOUNT,1
USER_SAMBA_SMBD,1
USER_SAMBA_SHARED,1
USER_SAMBA_UMOUNT_CIFS,1
USER_SAMBA_MOUNT_CIFS,1
USER_LEDCON_LEDCON,1
USER_NET_TOOLS_MII_TOOL,1
USER_MP3PLAY_MP3PLAY,1
USER_MP3PLAY_SWAP_WD,1
USER_BOOTTOOLS_MD5SUM,1
USER_VCONFIG_VCONFIG,1
USER_SSCEP,1
USER_REISERFSPROGS_DEBUGRESIERFS,1
USER_BOOTTOOLS_HIMEMLOADER,1
USER_FILEUTILS_DD,1
USER_HWCLOCK_HWCLOCK,1
USER_CAN_HORCH,1
USER_RTC_DS1302,1
USER_SHUTILS_FALSE,1
USER_MICROWIN_VERBOSE,1
POOR_ENTROPY,1
USER_IPFWADM_IPFWADM,1
USER_PCIUTILS_LSPCI,1
USER_FILEUTILS_GREP,1
USER_BOA_SRC_BOA,1
USER_BOA_WITH_SSL,1
USER_BOA_EMERG,1
USER_BOA_LOGGING,1
USER_MICROWIN_BIN_NXKBD,1
USER_BOOTTOOLS_PRINTBENV,1
USER_QUAGGA_ZEBRA_ZEBRA,1
USER_QUAGGA_RIPNGD_RIPNGD,1
USER_QUAGGA_OSPF6D_OSPF6D,1
USER_QUAGGA_RIPD_RIPD,1
USER_QUAGGA_BGPD_BGPD,1
USER_QUAGGA_OSPFD_OSPFD,1
USER_QUAGGA_WATCHQUAGGA_WATCHQUAGGA,1
USER_SYSUTILS_REBOOT,1
USER_MICROWIN_VTSWITCH,1
USER_FILEUTILS_LN,1
USER_RSYSLOG_RSYSLOGD,1
USER_MICROWIN_HAVE_GB2312_SUPPORT,1
LIB_LIBNET,1
USER_VIXIECRON_CRON,1
USER_SHUTILS_TRUE,1
USER_INETD_INETD,1
USER_PYTHON_PYTHON,1
USER_GAMES_RUBIK,1
USER_DHCP_ISC_CLIENT_DHCLIENT,1
USER_JAMVM_JAMVM,1
USER_ZEBRA_ZEBRA_ZEBRA,1
USER_ZEBRA_OSPFD_OSPFD,1
USER_ZEBRA_RIPD_RIPD,1
USER_ZEBRA_BGPD_BGPD,1
USER_SPEEDTOUCH_MODEM_RUN,1
USER_SHUTILS_YES,1
LIB_ARES,1
USER_MICROWIN_PORTRAIT_MODE,1
USER_POTRACE_POTRACE,1
USER_MICROWIN_SHAREDLIBS,1
LIB_LIBPCRE,1
USER_PROCPS_TLOAD,1
LIB_LIBBSC,1
USER_PROFTPD_PROFTPD,1
USER_MGETTY_MGETTY,1
USER_SHUTILS_WHICH,1
USER_LSOF_LSOF,1
USER_FCONFIG_FCONFIG,1
USER_GREP_GREP,1
USER_CRYPTO_TOOLS_CRYPTOTEST,1
USER_PPPD_WITH_WINBIND,1
USER_MICROWIN,1
USER_MOUNT_MOUNT,1
USER_FILEUTILS_MKDIR,1
USER_KEXEC_KEXEC,1
USER_REISERFSPROGS_MKREISERFS,1
USER_TRIPWIRE_TRIPWIRE,1
USER_SNORT_SNORT,1
USER_BIND_BIND,1
LIB_BOOST,1
USER_DEMO_LATCH,1
USER_MICROWIN_BIN_NANOWM,1
USER_DE2TSCAL_DE2TSCAL,1
USER_MICROWIN_NWIDGET,1
USER_TELNETD_TELNETD,1
USER_TELNETD_DOES_NOT_USE_OPENPTY,1
USER_DHCPCD_NEW_DHCPCD,1
USER_CTORRENT_CTORRENT,1
USER_MICROWIN_NANOX,1
USER_STRACE_STRACE,1
USER_SSH_SCP,1
USER_LOATTACH_LOATTACH,1
USER_SHUTILS_ECHO,1
USER_E2FSPROGS_E2FSCK_E2FSCK,1
LIB_LIBFFI,1
USER_ETHTOOL_ETHTOOL,1
LIB_PWLIB,1
USER_NETPIPE_NETPIPE,1
USER_SYSUTILS_SHUTDOWN,1
USER_TFTP_TFTP,1
USER_VPLAY_VREC,1
USER_DISCARD_INETD_ECHO,1
USER_DISCARD_ECHO_NO_INSTALL,1
USER_E2FSPROGS_MISC_MKE2FS,1
USER_NETFLASH_CRYPTO_OPTIONAL,1
USER_PROCPS_SLABTOP,1
USER_DEMO_R2100,1
USER_WIRELESS_TOOLS,1
USER_WIRELESS_TOOLS_IWLIST,1
USER_WIRELESS_TOOLS_IWGETID,1
USER_WIRELESS_TOOLS_IWPRIV,1
USER_WIRELESS_TOOLS_IWCONFIG,1
USER_WIRELESS_TOOLS_IWSPY,1
USER_FREERADIUS,1
USER_MICROWIN_HAVE_T1LIB_SUPPORT,1
USER_MATH_TEST,1
USER_FILEUTILS_RMDIR,1
LIB_STLPORT,1
LIB_STLPORT_SHARED,1
USER_USBISO_USBISO,1
USER_AGETTY_AGETTY,1
LIB_LIBGMP,1
USER_APPWEB_APPWEB,1
USER_APPWEB_SSL,1
USER_APPWEB_CGI,1
USER_APPWEB_MULTITHREAD,1
USER_APPWEB_DYNAMIC,1
USER_IPUTILS_IPUTILS,1
USER_IPUTILS_RARPD,1
USER_IPUTILS_CLOCKDIFF,1
USER_IPUTILS_TRACEROUTE6,1
USER_IPUTILS_TRACEPATH6,1
USER_IPUTILS_PING6,1
USER_IPUTILS_TFTPD,1
USER_IPUTILS_RDISC,1
USER_IPUTILS_TRACEPATH,1
USER_IPUTILS_ARPING,1
USER_IPUTILS_PING,1
USER_NET_TOOLS_PLIPCONFIG,1
LIB_EXPAT,1
USER_GNUGK_GNUGK,1
USER_JQUERY_UI,1
USER_XL2TPD_XL2TPD,1
USER_NTPD_NTPDATE,1
USER_PROCPS_TOP,1
USER_MICROWIN_DEBUG,1
USER_CGI_GENERIC,1
USER_MICROWIN_NANOXDEMO,1
LIB_BFD,1
USER_BOOTTOOLS_RESET,1
USER_MICROWIN_TTYKBD,1
USER_SSH_ONLY_RSA_V2_KEYGEN,1
USER_SSH_SSHKEYGEN,1
USER_INIT_CONSOLE_SH,1
USER_GDB_TARGET,1
USER_CRON_CRON,1
USER_THTTPD_THTTPD,1
READ_TIMEOUT,1
USER_DHRYSTONE_DHRYSTONE,1
LIB_NETFILTER_CONNTRACK,1
USER_FTPD_FTPD,1
USER_MICROWIN_MICROWINDEMO,1
USER_FROX_FROX,1
USER_POP3PROXY_POP3PROXY,1
USER_CLOCK_CLOCK,1
USER_MICROWIN_BIN_NTEST,1
USER_SYSUTILS_KILL,1
USER_CRYPTO_TOOLS_CRYPTOKEYTEST,1
LIB_LIBG,1
USER_NESSUS_LIBRARIES,1
LIB_LIBSYSFS,1
USER_REISERFSPROGS_UNPACK,1
USER_GAMES_TAMA,1
USER_INIT_CONF,1
USER_MICROWIN_BIN_NANO_X,1
USER_PCMCIA_CS,1
USER_MTDUTILS,1
USER_MTDUTILS_FTL_CHECK,1
USER_MTDUTILS_MKFSJFFS2,1
USER_MTDUTILS_NANDWRITE,1
USER_MTDUTILS_NANDDUMP,1
USER_MTDUTILS_NFTLDUMP,1
USER_MTDUTILS_ERASE,1
USER_MTDUTILS_UNLOCK,1
USER_MTDUTILS_DOC_LOADIPL,1
USER_MTDUTILS_LOCK,1
USER_MTDUTILS_MKFSJFFS,1
USER_MTDUTILS_NFTL_FORMAT,1
USER_MTDUTILS_NANDTEST,1
USER_MTDUTILS_FTL_FORMAT,1
USER_MTDUTILS_ERASEALL,1
USER_MTDUTILS_DOC_LOADBIOS,1
USER_TCPDUMP_TCPDUMP,1
USER_IPMASQADM_IPMASQADM,1
LIB_LIBUPNP,1
USER_CHAT_CHAT,1
USER_CHAT_CHAT_NETWORK,1
USER_HD_HD,1
USER_NET_TOOLS_NETSTAT,1
USER_DOSFSTOOLS_MKDOSFS,1
USER_USBCBI_USBCBI,1
USER_SSH_SSHD,1
USER_LILO_LILO,1
USER_EXPAT_EXAMPLES,1
USER_MICROWIN_BIN_NXCLOCK,1
USER_SNORT_BARNYARD,1
USER_DHCP_ISC_SERVER_DHCPD,1
USER_PCIUTILS_SETPCI,1
USER_NTPD_NTPQ,1
LIB_LIBJUDY,1
LIB_LIBJUDY_TESTS,1
USER_FREESWAN,1
USER_FREESWAN_KLIPS_KLIPSDEBUG,1
USER_FREESWAN_PLUTO_PLUTO,1
USER_IPSEC_KEEPALIVE,1
USER_FSWCERT_FSWCERT,1
USER_FREESWAN_KLIPS_EROUTE,1
USER_FREESWAN_KLIPS_TNCFG,1
USER_FREESWAN_PLUTO_WHACK,1
USER_FREESWAN_KLIPS_SPIGRP,1
USER_FREESWAN_UTILS_RSASIGKEY,1
USER_FREESWAN_KLIPS_SPI,1
USER_FREESWAN_UTILS_RANBITS,1
USER_MICROWIN_HWVGA,1
USER_E2FSPROGS_MISC_E2LABEL,1
USER_ETHERWAKE,1
LIB_LIBOPENH323,1
USER_NETPERF_NETSERVER,1
USER_PALMBOT_PALMBOT,1
USER_LEVEE_VI,1
LIB_BITVECTOR,1
USER_TINYPROXY_TINYPROXY,1
USER_MICROWIN_TPHELIO,1
USER_NTPCLIENT_ADJTIMEX,1
USER_REISERFSPROGS_RESIZE_REISERFS,1
USER_TINYLOGIN_MD5_PASSWORDS,1
LIB_LIBIBERTY,1
USER_NET_TOOLS_ARP,1
USER_FILEUTILS_LS,1
USER_E2FSPROGS_MISC_FSCK,1
USER_DNSMASQ_DNSMASQ,1
USER_DNSMASQ2_DNSMASQ2,1
USER_DNSMASQ2_RESOLVE_AS_SERVER,1
USER_MICROWIN_BIN_MUSERFD,1
USER_SASH_PS,1
USER_FILEUTILS_CHGRP,1
USER_SETSERIAL_SETSERIAL,1
USER_IPTABLES_IPTABLES,1
USER_LAYER7_PROTOCOLS,1
USER_TINYLOGIN_LOGIN,1
USER_TINYLOGIN_SECURETTY,1
USER_SHUTILS_DATE,1
USER_LINUXIGD_LINUXIGD,1
USER_LINUXIGD_DEFAULT,1
USER_GDBSERVER_GDBSERVER,1
USER_W3CAM_W3CAMD,1
USER_TCL_LIBTCL,1
USER_LEDCMD_LEDCMD,1
USER_MICROWIN_ADSMOUSE,1
USER_HTTPTUNNEL_SERVER,1
LIB_LIBCURL,1
USER_MICROWIN_SERMOUSE,1
USER_CXXTEST_CXXTEST,1
USER_WHETSTONE_WHETSTONE,1
USER_IPPORTFW_IPPORTFW,1
USER_MINI_HTTPD_MINI_HTTPD,1
USER_MINI_HTTPD_WITH_SSL,1
USER_NET_TOOLS_ROUTE,1
USER_MARADNS_ZONESERVER,1
USER_E2FSPROGS_MISC_TUNE2FS,1
USER_ROUTED_ROUTED,1
USER_FNORD_HTTPD,1
USER_FNORD_NOAUTH,1
USER_TIMEPEG_TPT,1
USER_FDISK_SFDISK,1
USER_MICROWIN_FBREVERSE,1
USER_MICROWIN_OPTIMIZE,1
USER_PPPD_NO_AT_REDIRECTION,1
USER_MICROWIN_BIN_WORLD,1
USER_PROCPS_PMAP,1
USER_MICROWIN_HAVE_BIG5_SUPPORT,1
USER_OPENSWAN,1
USER_OPENSWAN_KLIPS_SPI,1
USER_OPENSWAN_PLUTO_WHACK,1
USER_OPENSWAN_UTILS_RANBITS,1
IPSEC_CONNECTION_LIMIT_BOOL,1
IPSEC_CONNECTION_LIMIT,1
USER_OPENSWAN_PLUTO_PLUTO,1
USER_OPENSWAN_KLIPS_TNCFG,1
USER_OPENSWAN_KLIPS_KLIPSDEBUG,1
USER_OPENSWAN_KLIPS_SPIGRP,1
USER_OPENSWAN_KLIPS_EROUTE,1
USER_OPENSWAN_PROGRAMS_LWDNSQ,1
USER_OPENSWAN_UTILS_RSASIGKEY,1
USER_CLAMAV_CLAMAV,1
USER_CLAMAV_CLAMDSCAN,1
USER_CLAMAV_SIGTOOL,1
USER_CLAMAV_TESTS,1
USER_CLAMAV_CLAMSCAN,1
USER_CLAMAV_CLAMD,1
USER_CLAMAV_FRESHCLAM,1
USER_CLAMAV_NODB,1
USER_NMAP_NMAP,1
USER_INIT_RUN_FIREWALL,1
USER_SASH_HISTORY,1
USER_VPLAY_MIXER,1
USER_CPU_CPU,1
LIB_LIBNETOLD,1
USER_TINYLOGIN_ADDUSER,1
USER_KLAXON_KLAXON,1
USER_KLAXON_ECHO,1
USER_KLAXON_CHARGEN,1
USER_KLAXON_DISCARD,1
USER_KLAXON_FTP,1
USER_KLAXON_HTTP,1
USER_KLAXON_SNMP,1
USER_KLAXON_TFTP,1
USER_KLAXON_TELNET,1
USER_KLAXON_SMTP,1
USER_KLAXON_SSH,1
USER_KLAXON_RFC931,1
USER_FDISK_FDISK,1
USER_HDPARM_HDPARM,1
USER_MICROWIN_LINK_APP_INTO_SERVER,1
USER_ELVISTINY_VI,1
USER_MSNTP_MSNTP,1
USER_PING_PING,1
USER_ASTERISK,1
USER_ASTERISK_MYSQL,1
USER_MICROWIN_HAVEMSFONTS,1
USER_SHUTILS_BASENAME,1
USER_LANBYPASS_LANBYPASS,1
USER_JPEGVIEW_JPEGVIEW,1
USER_THREADDEMOS_THREADDEMOS,1
USER_NET_TOOLS_HOSTNAME,1
USER_IPTABLES_IP6TABLES,1
USER_SNMPD_SNMPD,1
USER_WATCHDOGD,1
LIB_LIBJPEG,1
LIB_TINYTCL,1
LIB_TINYTCL_STATIC,1
LIB_FLEX,1
USER_NETCAT_NETCAT,1
USER_MICROWIN_X11,1
USER_HOSTAP_HOSTAP,1
USER_HOSTAP_CS,1
USER_HOSTAP_HOSTAPD,1
USER_HOSTAP_PCI,1
USER_BOOTTOOLS_LOADER,1
USER_TIP_TIP,1
USER_HPING_HPING,1
DISTVERSION,1
LIB_TERMCAP,1
USER_GDB_GDBREPLAY,1
USER_PLUG_PLUG,1
USER_GDBSERVER_GDBREPLAY,1
USER_LOAD_LOAD,1
LIB_CLASSPATH,1
USER_PLAYRT_PLAYRT,1
USER_EXPECT_EXPECT,1
LIB_DEBUG,1
USER_NTPD_NTPD,1
USER_NTPD_NTPDC,1
USER_PROCPS_UPTIME,1
USER_STUNNEL_STUNNEL,1
USER_MICROWIN_NOFONTSORCLIPPING,1
USER_IPROUTE2_IP_RTPR,1
USER_FLATFSD_FLATFSD,1
USER_FLATFSD_DISKLIKE_alt,1
USER_FLATFSD_AUTO,1
USER_FLATFSD_USE_FLASH_FS,1
USER_FLATFSD_DISKLIKE,1
USER_FLATFSD_CONFIG_BLOBS,1
USER_FLATFSD_EXTERNAL_INIT,1
USER_FLATFSD_COMPRESSED,1
USER_FLATFSD_ENCRYPTED,1
USER_FLATFSD_HAS_RTC,1
USER_MICROWIN_NANOWM,1
USER_MICROWIN_BIN_NTERM,1
USER_TFTPD_TFTPD,1
USER_TFTPD_TFTPD_LOW_SEC,1
USER_LRPSTAT_LRPSTAT,1
USER_LISSA_LISSA,1
USER_LM_SENSORS,1
USER_LM_SENSORS_SENSORS,1
USER_MICROWIN_BIN_MTEST2,1
USER_WLAN_NG,1
USER_WLAN_NG_PCI,1
USER_WLAN_NG_WLAND,1
USER_WLAN_NG_PLX,1
USER_WLAN_NG_PCMCIA,1
USER_WLAN_NG_USB,1
USER_WLAN_NG_WLANCTL,1
USER_WLAN_NG_WLANCFG,1
USER_MICROWIN_UPDATEREGIONS,1
USER_E2FSPROGS_MISC_LSATTR,1
USER_MICROWIN_TPMOUSE,1
USER_CAL_DATE,1
USER_TCPBLAST_TCPBLAST,1
USER_FILEUTILS_CAT,1
USER_MICROWIN_PIPEKBD,1
USER_SLATTACH_SLATTACH,1
USER_EBTABLES_EBTABLES,1
USER_UNRAR_UNRAR,1
USER_SER_SER,1
USER_SER_RTPPROXY,1
USER_MAIL_MAIL_IP,1
USER_MICROWIN_HAVE_FREETYPE_SUPPORT,1
USER_PORTMAP_PORTMAP,1
USER_PORTMAP_PMAP_SET,1
USER_PORTMAP_PMAP_DUMP,1
USER_PROCPS_WATCH,1
USER_MICROWIN_FBVGA,1
Subtree,1
OR0_0,1
USER_BUSYBOX_FEATURE_INSTALLER_1_1,1
USER_BUSYBOX_FEATURE_PREFER_APPLETS_2_1,1
USER_BUSYBOX_FEATURE_SH_STANDALONE_3_1,1
USER_BUSYBOX_INSTALL_APPLET_DONT_4_1,1
OR4_0,1
USER_BUSYBOX_FEATURE_TAR_AUTODETECT_5_1,1
USER_BUSYBOX_FEATURE_TAR_BZIP2_6_1,1
USER_BUSYBOX_FEATURE_TAR_GZIP_7_1,1
OR7_0,1
USER_BUSYBOX_CPIO_8_1,1
USER_BUSYBOX_FEATURE_UNARCHIVE_TAPE_9_1,1
USER_BUSYBOX_TAR_10_1,1
OR10_0,1
USER_BUSYBOX_DPKG_11_1,1
USER_BUSYBOX_DPKG_DEB_12_1,1
USER_BUSYBOX_FEATURE_DEB_TAR_BZ2_13_1,1
OR13_0,1
USER_BUSYBOX_DPKG_14_1,1
USER_BUSYBOX_DPKG_DEB_15_1,1
USER_BUSYBOX_FEATURE_DEB_TAR_LZMA_16_1,1
OR16_0,1
USER_BUSYBOX_CP_17_1,1
USER_BUSYBOX_FEATURE_PRESERVE_HARDLINKS_18_1,1
USER_BUSYBOX_MV_19_1,1
OR19_0,1
USER_BUSYBOX_DF_20_1,1
USER_BUSYBOX_DU_21_1,1
USER_BUSYBOX_FEATURE_HUMAN_READABLE_22_1,1
USER_BUSYBOX_LS_23_1,1
OR23_0,1
USER_BUSYBOX_FEATURE_MD5_SHA1_SUM_CHECK_24_1,1
USER_BUSYBOX_MD5SUM_25_1,1
USER_BUSYBOX_SHA1SUM_26_1,1
OR26_0,1
USER_BUSYBOX_ADDGROUP_27_1,1
USER_BUSYBOX_ADDUSER_28_1,1
USER_BUSYBOX_FEATURE_CHECK_NAMES_29_1,1
OR29_0,1
USER_BUSYBOX_FEATURE_2_4_MODULES_30_1,1
USER_BUSYBOX_FEATURE_2_6_MODULES_31_1,1
USER_BUSYBOX_FEATURE_INSMOD_LOAD_MAP_32_1,1
OR32_0,1
USER_BUSYBOX_FEATURE_FTPGETPUT_LONG_OPTIONS_33_1,1
USER_BUSYBOX_FTPGET_34_1,1
USER_BUSYBOX_FTPPUT_35_1,1
OR35_0,1
USER_BUSYBOX_ASH_36_1,1
USER_BUSYBOX_FEATURE_SH_STANDALONE_37_1,1
USER_BUSYBOX_HUSH_38_1,1
USER_BUSYBOX_LASH_39_1,1
USER_BUSYBOX_MSH_40_1,1